epoch,loss,train_accuracy,validation_accuracy
0,2.408742257196768,0.09971111111111111,0.1004
