epoch,loss,train_accuracy,validation_accuracy
0,2.4285011156305916,0.12726666666666667,0.117
10,2.284015658523647,0.19564444444444445,0.1886
20,2.3077594677780215,0.21135555555555555,0.205
30,2.286717980452298,0.21913333333333335,0.2166
40,2.2343276401231913,0.22497777777777778,0.222
50,2.2378927621173785,0.22875555555555555,0.2268
