epoch,loss,train_accuracy,validation_accuracy
0,2.239978960469549,0.15795555555555554,0.1566
