epoch,loss,train_accuracy,validation_accuracy
0,2.266681793,0.160622222,0.157
10,2.035178025,0.318244444,0.3156
20,1.843560609,0.348933333,0.3376
30,1.878052929,0.367822222,0.3526
40,1.792505162,0.3806,0.3584
50,1.717113901,0.388444444,0.3712
60,1.777311693,0.397644444,0.3804
70,1.74462152,0.402555556,0.3838
80,1.704970657,0.409888889,0.3906
90,1.631158053,0.415111111,0.3944
99,1.717212627,0.419911111,0.3996
